{
  "position": [
    0.045240024292045114,
    0.9289946522370368,
    1.1048881813820854
  ],
  "wxyz": [
    0.03182691592835471,
    -0.08644990985111038,
    0.9344337882046169,
    -0.3440159240075866
  ]
}