{
  "position": [
    -0.459961960651894,
    -0.6569254760472446,
    1.1282121547736597
  ],
  "wxyz": [
    -0.3113016069200965,
    0.8112696020297573,
    -0.46205751883727264,
    0.17730141465140192
  ]
}