{
  "position": [
    -0.28786810479025826,
    -0.22834163960060036,
    0.16317036723030848
  ],
  "wxyz": [
    0.5909747060027584,
    -0.6882148600854107,
    0.3192813181782208,
    -0.274169004602909
  ]
}