{
  "blue_alarm": {
    "0.0": {
      "n_candidates": 100,
      "n_real_success": 30,
      "curve": [
        2.440000000000002,
        4.806734006734007,
        7.102213976499691,
        9.328402221244637,
        11.48721252428911,
        13.58051123311917,
        15.610118329625006,
        17.577808478155617,
        19.485312051757685,
        21.33431613696247,
        23.12646551748149,
        24.86336363716763,
        26.546573542595258,
        28.177618805608855,
        29.75798442618655,
        31.289117715960963,
        32.77242916273638,
        34.209293276337846,
        35.60104941612375,
        36.949002600490374,
        38.25442429869281,
        39.5185532053038,
        40.742595997627355,
        41.92772807638169,
        43.07509428996133,
        44.18580964258556,
        45.26095998663596,
        46.30160269948308,
        47.3087673450977,
        48.28345632073984,
        49.22664548901346,
        50.13928479557301,
        51.02229887276292,
        51.87658762946808,
        52.70302682745046,
        53.50246864444207,
        54.27574222426193,
        55.023654214220905,
        55.74698929007445,
        56.44651066877977,
        57.122960609310724,
        57.777060901779464,
        58.40951334511124,
        59.02100021351397,
        59.612184711981875,
        60.183711421067734,
        60.73620673115595,
        61.27027926646351,
        61.786520298994,
        62.285504152664984,
        62.767788597826055,
        63.23391523638116,
        63.684409877725315,
        64.11978290570197,
        64.54052963678407,
        64.94713066967803,
        65.34005222654615,
        65.71974648603997,
        66.0866519083326,
        66.44119355233555,
        66.78378338528073,
        67.11482058484611,
        67.43469183399884,
        67.7437716087263,
        68.04242245882264,
        68.33099528189382,
        68.60982959074117,
        68.87925377427975,
        69.13958535214422,
        69.39113122313137,
        69.63418790762476,
        69.86904178414362,
        70.095969320154,
        70.31523729727748,
        70.52710303102835,
        70.7318145852067,
        70.92961098107193,
        71.12072240141684,
        71.30537038965919,
        71.48376804406412,
        71.65612020720714,
        71.8226236507837,
        71.983467255868,
        72.13883218872019,
        72.28889207223675,
        72.4338131531366,
        72.57375446497063,
        72.70886798703948,
        72.83929879930066,
        72.96518523334241,
        73.08665901949809,
        73.20384543017173,
        73.31686341944113,
        73.42582575900187,
        73.53083917051147,
        73.63200445439033,
        73.7294166151309,
        73.82316498316499,
        73.91333333333333,
        74.0
      ]
    },
    "0.1": {
      "n_candidates": 29,
      "n_real_success": 10,
      "curve": [
        3.0114942528735615,
        5.9244663382594425,
        8.742565225323846,
        11.46935567625223,
        14.108318246249283,
        16.662849283538943,
        19.13626092936438,
        21.531781117988018,
        23.852553576691506,
        26.101637825775764,
        28.2820091785609,
        30.396558741386333,
        32.44809341361065,
        34.43933588761175,
        36.372924648786714,
        38.25141397555191,
        40.0772739393429,
        41.85289040461454,
        43.58056502884089,
        45.262515262515265,
        46.900874349150214,
        48.49769132527753,
        50.054931020448265,
        51.57447405723268,
        53.05811685122029,
        54.50757161101988,
        55.924466338259435,
        57.3103448275862,
        58.666666666666664
      ]
    },
    "0.2": {
      "n_candidates": 12,
      "n_real_success": 3,
      "curve": [
        1.555555555555556,
        3.0707070707070705,
        4.545454545454546,
        5.979797979797979,
        7.373737373737373,
        8.727272727272727,
        10.04040404040404,
        11.313131313131313,
        12.545454545454545,
        13.73737373737374,
        14.888888888888886,
        16.0
      ]
    },
    "0.3": {
      "n_candidates": 8,
      "n_real_success": 2,
      "curve": [
        0.6666666666666667,
        1.2380952380952381,
        1.714285714285714,
        2.0952380952380953,
        2.3809523809523814,
        2.571428571428571,
        2.666666666666667,
        2.666666666666667
      ]
    },
    "0.4": {
      "n_candidates": 6,
      "n_real_success": 2,
      "curve": [
        0.8888888888888891,
        1.6,
        2.1333333333333337,
        2.488888888888889,
        2.666666666666667,
        2.666666666666667
      ]
    },
    "0.5": {
      "n_candidates": 3,
      "n_real_success": 2,
      "curve": [
        1.7777777777777781,
        2.666666666666667,
        2.666666666666667
      ]
    },
    "0.6": {
      "n_candidates": 2,
      "n_real_success": 2,
      "curve": [
        2.666666666666667,
        2.666666666666667
      ]
    },
    "0.7": {
      "n_candidates": 2,
      "n_real_success": 2,
      "curve": [
        2.666666666666667,
        2.666666666666667
      ]
    },
    "0.8": {
      "n_candidates": 2,
      "n_real_success": 2,
      "curve": [
        2.666666666666667,
        2.666666666666667
      ]
    },
    "0.9": {
      "n_candidates": 1,
      "n_real_success": 1,
      "curve": [
        2.666666666666667
      ]
    },
    "1.0": {
      "n_candidates": 0,
      "n_real_success": 0,
      "curve": []
    }
  },
  "brown_ramen": {
    "0.0": {
      "n_candidates": 100,
      "n_real_success": 7,