{
  "position": [
    0.41964245569488173,
    -0.8613725910703494,
    0.24455917599862112
  ],
  "wxyz": [
    0.7188517878995719,
    -0.6868411842152643,
    0.07408693729638213,
    -0.07753979895127572
  ]
}