{
  "position": [
    -0.13957727893258082,
    -0.2788655761851882,
    0.2146701197689684
  ],
  "wxyz": [
    -0.4610739166601244,
    0.8776534800524989,
    -0.1158833219258984,
    0.06087912636404521
  ]
}