{
  "position": [
    0.473992901101661,
    -0.19447040407887795,
    0.47455599250557484
  ],
  "wxyz": [
    -0.17898642389585065,
    0.9445486018245847,
    -0.2750273653258547,
    -0.012318570295187138
  ]
}