{
  "position": [
    0.5924846539595169,
    4.324339846815995,
    1.9703280272151804
  ],
  "wxyz": [
    0.09759385724928783,
    -0.24854055685191448,
    0.8970159463189002,
    -0.35222921894208853
  ]
}