{
  "position": [
    3.5651204434589157,
    2.273831668846332,
    0.23784433477269834
  ],
  "wxyz": [
    -0.02272492361686703,
    0.02750503195604082,
    0.770424471610367,
    -0.6365321552031694
  ]
}