{
  "position": [
    4.279443058069108,
    1.4109571609033993,
    0.22611679095486162
  ],
  "wxyz": [
    -0.4807465976133351,
    0.5729721454773535,
    0.5084893533152011,
    -0.42664295020001103
  ]
}