{
  "position": [
    3.4082910875088688,
    0.7414337542126888,
    0.259111268978018
  ],
  "wxyz": [
    0.6248601799743957,
    -0.7779130705826923,
    0.05172077543655655,
    -0.041544813000113485
  ]
}