{
  "position": [
    2.7345999986276106,
    1.5548767673258383,
    0.21284040432445572
  ],
  "wxyz": [
    0.4435412074440787,
    -0.5195385827278081,
    0.5554296618117583,
    -0.4741821898130561
  ]
}