{
  "position": [
    3.159312801671579,
    -0.7826280894164009,
    2.4655626342612544
  ],
  "wxyz": [
    -0.3303436669649741,
    0.9256735888381266,
    0.17366747002702174,
    -0.0619764348610884
  ]
}