{
  "position": [
    4.561594237243239,
    3.795302393691562,
    0.10905833398552442
  ],
  "wxyz": [
    0.5354373534804795,
    -0.5576870212500894,
    -0.45443704298981874,
    0.44246920885604263
  ]
}