{
  "position": [
    -0.03916219874618861,
    -0.9996719449623934,
    0.8936990757793192
  ],
  "wxyz": [
    -0.40845415630782744,
    0.9125688862215312,
    -0.017868113167398537,
    0.007997538814654327
  ]
}