{
  "position": [
    0.006466743585003981,
    -0.3702460183997593,
    0.7090068697847854
  ],
  "wxyz": [
    -0.1605904402295207,
    0.9866448494231036,
    -0.026897675031797432,
    0.004377978030324312
  ]
}