{
  "position": [
    0.006424620976417473,
    -0.3617746648646217,
    0.6887745866945919
  ],
  "wxyz": [
    -0.15906852560818036,
    0.9868477909187305,
    -0.028419313484048827,
    0.004580866812799781
  ]
}