{
  "position": [
    -0.05500937954117161,
    -1.2425715819305936,
    1.1447540363647795
  ],
  "wxyz": [
    -0.3531736602005169,
    0.9355558144863413,
    0.0017956177459069501,
    -0.0006778482713949411
  ]
}