{
  "position": [
    -0.05655875002231909,
    -0.8389452460697687,
    0.6863330293467876
  ],
  "wxyz": [
    -0.3531736602005168,
    0.9355558144863413,
    0.0017956177459070093,
    -0.0006778482713949262
  ]
}