{
  "position": [
    -0.07508061385775962,
    -0.88805168818639,
    1.6147217838736438
  ],
  "wxyz": [
    -0.21190724156660287,
    0.9771503841366828,
    -0.016131033450339248,
    0.0034982156867288277
  ]
}